reviewy,1
ordered,1031
take,352
super,418
impressed,95
first,462
meals,120
prepared,92
quickly,157
portions,399
good,2643
size,249
tasted,271
amazing,597
small,700
sized,30
spicy,619
coconut,154
soup,1284
chicken,967
arrived,133
warm,150
need,143
heat,55
nice,767
creamy,43
amount,160
next,291
general,204
tao,147
phaw,4
sew,17
share,138
crispy,220
portion,282
quality,302
meat,414
inside,225
however,311
favourite,134
lots,157
flavour,174
like,1346
garlic,73
love,504
overall,349
great,1517
value,62
depending,18
hungry,133
could,432
definitely,731
left,174
overs,4
day,348
also,1004
tons,29
fish,187
vegetarian,378
options,278
worst,74
takeout,90
ive,623
ever,357
life,76
one,1202
think,328
weeks,28
later,89
cringe,3
two,390
pad,369
thais,6
awful,43
threw,6
didnt,555
even,640
twice,79
actual,37
mush,3
still,344
trying,119
wrap,10
head,29
around,329
restaurant,1475
serve,92
food,3351
visit,237
long,325
time,935
eating,247
asian,258
friend,286
huge,282
thai,871
came,690
upon,57
resto,60
beautiful,169
sunny,9
saturday,69
walked,106
approached,2
vaccine,4
passport,4
id,169
chose,55
enjoy,181
sun,10
sat,94
terrace,63
monkland,10
village,13
menu,887
variety,159
different,287
dishes,721
flavours,103
dont,677
know,293
im,611
big,362
sorts,9
started,81
fried,439
imperial,80
rolls,292
served,264
plum,7
sauce,670
side,299
main,190
basilserved,2
veggies,115
sticky,52
white,111
rice,476
meal,496
except,63
drown,2
chilli,29
paste,57
lol,59
always,437
someone,98
enjoys,3
foods,41
service,1557
enjoyed,225
company,8
humorous,3
á,2
la,87
prochaine,2
fois,5
web,3
app,15
made,485
ordering,150
easy,58
delivery,86
fast,310
curry,440
terrific,14
located,119
theres,180
outdoor,39
perfect,296
open,108
air,29
weather,41
vast,4
starters,15
soups,111
noodles,1692
curries,37
red,185
green,240
yellow,41
seafood,111
shrimp,342
beef,1068
desserts,49
peanut,136
butter,47
dumplings,468
order,716
musthave,2
tend,29
bit,549
prices,254
little,649
expensive,115
veggie,111
used,188
give,279
lunch,412
specials,24
cheaper,27
price,403
whats,28
going,272
bangkok,14
coming,175
years,172
plenty,87
space,131
large,387
eat,527
alcohol,14
deliver,14
pice,3
ok,198
cheap,156
fare,33
single,32
dish,702
cant,282
understand,52
place,2549
flavors,150
consistent,18
second,106
go,957
quantity,34
much,559
less,131
tofu,247
vegetables,190
mushroom,62
milk,85
plates,136
things,171
common,13
thats,184
put,155
salt,76
disappointed,202
let,95
staff,457
comments,10
seem,84
surprised,77
see,269
chef,94
changed,45
complexity,3
sticking,5
recipe,13
ill,117
wait,421
back,934
miss,59
way,339
use,113
taste,523
several,88
times,231
noisy,22
hard,165
surfaced,2
soupe,17
atmosphere,245
cool,138
crowd,44
loud,69
slow,145
least,120
waitress,168
courteous,35
candles,5
tables,256
believe,61
four,64
ago,82
better,438
remember,71
today,56
gone,35
went,470
get,917
papaya,80
salads,112
meh,25
spend,36
money,69
siam,43
instead,136
customer,88
isnt,107
best,800
filthy,6
horrible,51
everything,407
drowning,2
sauces,36
sick,24
low,56
end,147
garbage,11
favour,9
somewhere,33
else,136
lot,295
crab,47
frozen,33
feet,7
poor,59
costs,11
bucks,6
doesnt,124
worth,332
spring,219
roll,123
thick,103
paper,25
mostly,68
filled,89
vermicelli,93
proteins,1
staffs,13
considerate,2
firstly,5
mistakes,3
ask,179
utensils,23
wasnt,360
either,144
visiting,102
nearby,34
popped,12
quick,297
dinner,293
never,294
neighborhood,30
quite,452
lively,18
looking,272
seems,98
unremarkable,1
twist,13
ingredients,158
added,109
omitted,1
presented,38
guess,74
call,55
neo,1
eventhough,2
pure,15
found,231
well,673
balanced,26
salty,143
sweet,363
salad,627
thom,1
kha,10
stir,54
fry,34
chow,56
mein,31
looked,130
dried,15
fresh,623
fine,100
sure,298
missed,19
shrimps,40
carrots,24
shredded,20
thin,68
light,122
mine,38
p,22
selling,6
hihi,1
splash,3
lime,51
fixed,6
weird,52
brocoli,10
heh,2
tangy,19
smell,20
yummy,131
find,307
tasty,533
khap,1
khun,1
krab,1
sawaddee,1
veg,21
expected,88
tasteless,39
recently,50
fallen,1
cuisine,107
obviously,41
try,701
busy,255
sign,55
clean,173
welcoming,40
elements,11
authentic,368
thailand,50
already,79
friendly,496
helpful,81
steamed,129
vegetable,96
truly,69
every,250
bite,152
fiancé,7
tried,409
seemed,148
affordable,68
look,143
truthfully,2
places,260
getting,123
stars,204
touch,48
flavourful,102
really,1164
looks,86
smelled,13
bad,268
focus,14
last,174
night,339
average,123
cashew,13
problem,45
supposed,27
chewy,83
baked,13
reheated,12
egg,180
waiter,223
flippant,1
recommend,534
anything,135
new,193
waiting,109
want,357
come,569
fill,33
water,209
tea,241
brought,107
coffee,128
mugs,2
became,9
disappeared,2
ignored,17
flagged,2
another,224
favorite,208
restos,13
city,111
delicious,1043
month,22
lover,25
incredibly,76
along,77
tom,58
yum,104
far,139
satisfying,58
bland,164
painful,5
rubber,2
broth,560
reminded,25
soapy,3
waited,112
hour,101
half,148
crazy,45
lived,48
minute,40
drive,16
onwards,1
goes,36
hunt,5
absolutely,210
loved,260
appetizers,125
husband,106
decided,196
many,366
split,39
decision,9
duck,140
heavenly,12
golden,11
bags,7
yumm,3
tad,32
sour,161
mark,17
wanted,192
tell,100
nights,22
experience,413
friday,68
evening,111
got,711
phone,38
walking,101
track,6
kids,59
ages,15
lovely,131
within,49
minutes,261
explained,13
daughters,2
pb,1
rest,66
everyone,138
us,670
school,29
kept,59
asking,36
apologized,9
said,243
longer,43
walk,110
inquire,1
saw,126
ready,88
holding,7
asked,210
please,59
bring,130
shared,85
ate,137
leftovers,29
speak,50
manager,51
approach,9
argumentative,1
tone,7
apologetic,7
regular,92
people,447
including,81
friends,272
table,469
paid,51
arguing,2
daughter,36
finish,114
told,137
child,3
eats,39
slowly,9
siblings,2
explain,21
inquiring,3
would,1023
together,66
saying,39
sorry,36
taking,51
decide,26
chance,50
make,439
become,19
fault,9
expect,121
understanding,7
maybe,162
offer,89
comp,3
drinks,245
desert,25
gave,131
discount,10
nicely,54
mildly,7
handled,3
handle,18
situation,18
majour,1
issue,53
decent,170
fantastic,133
leaves,58
something,261
desired,5
basil,69
days,67
mild,24
poisoning,12
leaving,29
buyer,2
beware,22
hear,24
receiving,4
bill,72
cash,149
needed,73
change,65
finally,118
popular,108
eggplant,104
stopped,64
right,421
kind,234
anymore,23
vegan,423
write,35
negative,24
review,129
charge,38
returned,19
say,284
suspects,1
plate,161
clearly,35
seasoned,55
spices,47
completely,67
unacceptable,11
pleasant,70
ambiance,195
prompt,43
inconsistent,6
exact,9
diners,17
generous,160
serving,63
partners,2
deal,57
smaller,58
solid,85
strange,23
tofucashew,1
nearly,25
flavourless,11
overcooked,27
leathery,3
chunks,20
spent,30
deep,55
fryer,1
earth,7
cashews,15
rendered,3
enough,346
training,4
server,163
extremely,163
patient,4
lack,59
lustre,1
standpoint,1
customers,90
beginning,17
pricevalue,1
road,8
lost,16
charm,15
cheaped,1
tastes,88
wok,15
area,247
forget,36
move,23
wife,64
regulars,12
point,119
called,94
rob,1
knew,57
attitude,21
pick,108
took,289
though,375
behind,34
counter,73
orders,66
help,48
since,287
concerned,9
lowandbehold,1
sitting,76
whole,106
upset,8
phase,1
matter,25
joint,32
thinking,44
entry,2
cook,37
avoid,41
full,278
actitude,1
nothing,243
stands,5
alright,28
express,41
luckily,24
overly,49
flavor,340
probably,177
suit,5
heard,59
rave,17
hype,29
entrees,34
overrated,13
key,21
word,30
folks,34
youre,336
mind,91
court,63
faubourg,4
downtown,72
near,87
guy,71
street,100
stcatherine,1
atrocious,7
hours,77
cold,207
although,155
occupied,10
servicing,3
clients,14
three,133
woks,4
operating,1
kitchen,135
advised,3
unbelievably,8
montreal,944
frequented,4
tonight,29
horrendous,3
rather,103
argue,6
actually,156
provide,18
issues,19
arrogance,1
followed,20
total,34
hit,78
rock,6
bottom,33
care,60
loss,3
wrong,99
promptly,14
havent,56
eaten,96
store,81
wonderful,118
girls,19
likes,11
topped,28
icecream,6
chatted,4
fragrance,3
comfortable,66
seating,181
serves,28
zero,24
nobody,5
cared,5
excuse,8
owner,73
cooking,41
hires,1
compensation,2
without,183
tai,32
companions,9
finished,74
diet,18
wouldnt,105
door,104
buy,21
certainly,52
restaurants,345
suggested,28
areaand,1
seen,47
pretty,569
stellar,7
reviewsi,1
honestly,80
impression,8
theyve,19
seated,165
dining,124
room,84
chairs,43
front,179
entree,44
wonton,86
soupstyle,1
wontons,38
covered,26
watery,29
edible,12
usually,158
safe,19
bet,18
sum,59
parts,20
lychee,5
slushie,1
part,110
feel,213
overpaid,2
running,13
noodle,825
shop,66
pay,127
fair,49
glass,52
overwhelmed,6
short,62
perhaps,41
sit,140
beside,11
hrs,2
idea,36
rushed,29
cleaned,10
removed,11
glasses,24
wasted,6
expansion,4
post,21
sorely,3
physically,2
grown,10
increase,4
traffic,7
patrons,18
courses,15
appetizer,100
min,36
asks,8
cheque,3
apology,10
return,106
giving,54
thru,3
uses,10
almost,166
blamed,1
driver,9
clue,2
arrive,40
regardless,14
blame,4
unappetizing,2
compared,47
servings,18
stingy,6
unlikely,2
using,28
might,132
awhile,11
establishment,31
happened,28
live,66
neighbourhood,26
5pm,14
family,148
yet,100
forever,18
greeted,20
shown,11
woman,25
bothered,8
eye,29
contact,9
eventually,16
showed,23
seat,69
noticed,51
dirty,32
budget,12
plastic,28
cup,36
normally,31
high,135
willing,14
timely,7
manner,15
pieces,110
given,94
knife,6
fork,12
spoon,25
bites,33
gross,13
bits,16
tendon,64
entirely,7
disappointment,34
shame,15
disapointed,2
sometimes,65
lobster,45
blocks,9
away,169
renovated,6
complete,29
sort,44
feels,29
temporary,1
hopefully,16
ton,40
potential,7
classy,18
spot,296
tasting,91
lacking,45
fact,92
meant,19
hot,396
bottle,19
wine,83
complain,30
spots,52
procrastinating,1
fan,118
choose,127
sad,35
tiny,93
container,15
skimping,6
ended,113
emergency,1
case,40
crap,7
baobao,4
dim,63
montréal,46
chinatown,259
pedestrian,2
rue,11
de,119
gauchetière,2
specialties,9
fun,154
character,17
steam,24
bun,204
bao,126
breakfast,35
despite,92
kid,24
eager,8
devour,5
bear,5
brown,33
sugar,24
bean,107
amazement,2
chiclet,2
mango,116
filling,170
angry,15
bird,13
strawberry,17
chocolate,76
porcupine,5
taro,24
fluffy,21
baos,30
unique,87
fillings,18
delights,3
salted,34
custard,16
buns,193
entrance,30
offshoot,2
patisserie,5
harmonie,3
mistake,22
turning,4
initially,17
able,94
tax,51
applied,2
pack,14
ah,4
les,30
chez,4
déjà,2
vous,11
regardez,2
par,33
vitrine,2
et,52
voyez,2
un,40
hello,29
kitty,15
une,11
grenouille,2
cochon,5
jen,2
passe,2
êtes,2
sous,2
le,69
charme,2
cest,18
petite,9
bête,2
est,26
exhaustif,2
ils,9
ont,8
bien,21
plus,88
que,26
juste,6
des,33
mais,15
personnellement,2
je,27
vais,9
toujours,3
prendre,2
avec,10
boeuf,13
en,19
gros,3
au,16
autre,2
chocolat,2
peu,6
cependant,2
il,11
parfois,2
presque,4
inexistant,2
ce,16
qui,7
dommage,2
parce,2
quil,3
très,18
bon,14
jy,5
pas,29
mal,9
à,29
chaque,4
quartier,8
chinois,7
bonne,7
boucher,3
makes,157
staple,19
clear,44
cute,219
sweetdesert,2
sleeping,3
savory,48
talking,20
bbq,62
pork,418
teriyaki,7
etc,71
wont,114
sell,20
early,71
limited,70
selection,103
blueberry,10
hint,30
couldnt,133
sweeter,12
prefer,47
soft,77
airy,12
density,2
couldve,15
balance,37
doughtofilling,2
ratio,30
sells,7
savoury,28
bubble,27
attractive,8
items,137
colourful,7
cartooncharacter,2
dessert,126
panda,13
black,95
sesame,78
hedgehog,7
pig,5
melting,10
following,12
seats,67
mainly,25
pandemic,15
plexiglass,2
ordercheckout,2
wear,8
face,22
masks,2
free,103
wifi,18
wheelchair,3
accessible,6
steps,9
washrooms,5
parking,46
instagram,18
chuanchee,2
thanks,29
boa,13
remained,5
flavorful,187
employees,16
english,64
credit,55
card,50
means,41
trips,5
joke,13
staying,33
home,187
grew,18
breakfastsnacks,2
odd,22
opens,10
grab,55
boba,5
old,139
peach,4
gimmick,2
famous,24
animation,2
characters,13
otherwise,54
dry,125
aside,20
stuff,43
mediocre,49
anyone,75
outside,173
standing,13
stop,116
designs,2
arent,46
thing,239
frog,9
chinese,665
preserved,6
favorites,20
leek,2
band,2
zongzi,1
wrapped,22
combo,96
ones,97
simple,83
oddly,8
comforting,22
specialty,24
standard,73
convenient,23
drink,171
jujubeschinese,1
dates,6
honey,19
winter,60
youve,30
drank,16
biased,6
anxiety,2
house,114
special,230
photos,27
cutest,20
bakery,11
corner,45
sections,2
bread,134
bunsdim,1
sumsmoothie,1
cases,5
sanrio,4
japanese,86
cartoon,8
kero,2
kerroppi,1
doraemon,3
various,23
animal,8
shaped,4
select,12
matcha,14
theyre,84
dough,70
biting,6
hoping,16
youll,80
cents,4
box,21
vary,7
rude,83
photo,11
pictures,46
taken,24
worthwhile,10
snack,32
touristy,6
across,61
omg,22
yep,5
dozen,12
range,16
accepts,5
debit,35
mesmerized,3
creative,40
liked,151
bought,23
settled,8
chick,9
bunny,3
adorable,28
hotel,73
downside,35
simply,63
pineapple,21
waffles,7
watching,27
brush,1
oil,96
crater,1
waffle,3
maker,4
laborious,1
lineup,25
fascinating,3
passed,23
offers,32
creations,4
wish,106
gta,1
inexpensive,41
non,33
must,202
highly,236
recommended,154
excited,40
sucker,9
childhood,3
smack,5
middle,50
pastry,9
checking,25
blue,7
berry,4
terms,35
imagine,31
younger,3
self,9
thirty,6
rabbit,6
keroppi,4
oh,92
yes,104
ube,1
difference,20
course,106
mince,2
typical,73
moms,7
dumpling,107
listed,18
allergic,11
swap,1
checked,31
siu,7
mai,14
entire,63
throw,12
breezing,1
window,80
display,8
expecting,49
tough,34
classic,62
moistness,1
nowadays,5
asia,16
trend,7
yolk,1
curious,17
pleasantly,27
mix,88
presentation,68
ottawa,2
niece,5
couple,103
keropi,2
hey,11
truth,5
thought,147
include,20
pastries,6
similar,38
bakeries,3
toronto,38
cuteness,2
resist,4
literally,68
stuffed,41
travel,16
backpack,2
mom,37
wanna,5
scream,2
montreals,34
china,80
town,143
may,135
fav,13
cantonese,80
cutesy,2
promise,7
savorynot,1
hk,7
rightfully,2
crowded,93
cabbage,45
missing,39
fruit,40
described,15
infused,7
real,136
purchased,8
disappointing,72
doughy,17
saved,13
star,152
delish,24
wished,19
note,54
cards,40
canadian,39
exchange,13
usd,18
cad,21
swindled,1
bc,7
creme,22
anglaise,2
silky,7
per,64
planning,18
taiwanese,8
hand,200
domestic,1
foreign,4
replacement,7
dollars,34
devalue,1
american,27
waisting,1
faces,8
draw,9
zi,4
glad,85
potato,91
heart,59
snacks,10
flavored,15
totally,95
aligns,1
selections,16
slushes,1
juices,3
terrible,59
ice,58
cream,123
toppings,19
softer,5
stopping,12
cocount,1
consumption,4
gem,74
bakedsteamed,1
goods,6
bake,1
line,215
sold,11
greasy,56
tired,23
past,42
known,37
oven,3
relatively,39
boxes,9
squished,1
deformed,1
careful,21
multiple,39
bag,17
separately,9
boxing,1
tooth,2
carbs,9
poem,2
exactly,49
adds,16
hong,30
kong,30
awesome,156
version,47
treat,36
yarrow,1
onion,65
wowed,4
traditional,95
style,132
carte,10
oily,50
bbt,1
afforable,1
run,37
hawaii,2
manapua,1
consistency,25
created,8
worthy,11
pros,20
cons,21
secondly,2
lighter,10
fluffier,1
dimsum,4
picture,28
keep,81
silly,2
playful,3
lined,8
winning,2
flavorings,1
alas,8
ie,4
birds,6
trays,3
savories,1
sweets,3
fraction,3
cost,48
ridiculously,11
bunnies,1
chicks,2
frogs,4
bears,2
fit,19
innards,2
azuki,1
dense,7
reasonably,58
priced,101
easily,72
party,66
brunch,66
breaking,4
bank,9
onthego,1
definite,10
mustreturn,1
check,139
eyecatching,2
pass,17
opportunity,14
heres,20
rundown,1
stock,12
fairly,52
aftertaste,9
unless,49
combination,40
offputting,2
combined,10
complements,1
appease,3
tastebuds,8
eyesight,1
dinein,4
option,132
lights,34
flashy,1
complaints,18
commendable,1
piece,46
bummer,6
verdict,8
filler,3
words,24
hkcanto,1
plethora,5
teadrink,1
bright,33
caution,9
late,109
available,81
learned,10
beyond,33
importantly,15
fancy,69
location,198
comes,123
choice,115
anime,1
tour,11
hits,16
melted,10
heavy,52
weekly,6
routine,4
drop,19
groceries,8
st,36
laurent,13
treats,5
five,60
chatime,1
understaffed,9
resulting,4
peak,16
requested,21
job,27
marketing,3
products,9
difficult,25
unfamilliar,1
introduction,3
munchies,2
balls,20
werent,70
cause,27
ig,1
bf,14
stores,4
squeal,1
felt,142
torturing,1
thicker,21
chewing,6
microwave,6
wanting,22
flavoring,8
ahhhhhh,1
sooo,25
purpose,3
yelp,104
okay,134
empty,43
till,9
closing,26
cashier,21
turn,25
u,31
til,6
register,14
waste,33
specializes,5
pastriesbakery,2
immense,2
name,77
misleading,3
areas,13
spread,8
specifically,17
types,37
amalgamation,1
teas,11
excellent,336
seed,4
tarts,1
piggy,3
noncute,1
overpowering,11
soooo,17
bunch,50
philadelphia,4
cha,25
slightly,84
pairs,6
ball,18
congeefried,1
advertised,5
lacked,60
freshly,39
reasonable,152
congee,9
feuded,1
domain,5
har,13
gao,3
stocky,1
sharing,46
stronger,6
mad,8
year,76
visits,9
personal,28
shapes,6
animals,4
diverse,13
offering,16
fave,11
mtl,38
sampled,10
lo,5
gai,8
gow,9
opinion,38
pricey,66
ahhhh,1
lordy,1
honolulu,1
close,124
twenty,8
recalibrate,1
brain,1
inflation,1
ordinary,16
gooey,3
soya,15
based,79
test,9
steamy,7
cuter,1
enticing,6
severely,5
matters,4
worse,25
accept,39
durian,6
puff,7
filing,1
strong,46
impressive,35
important,35
reviewers,15
noted,13
hair,16
embedded,1
politely,9
informed,8
lady,33
appeared,5
annoyed,13
dismissively,1
effort,13
apologize,10
watched,13
horror,1
immediately,47
executed,8
gives,36
fulfilling,6
thickening,1
agent,2
opened,37
morning,31
adorably,1
lotus,6
leaf,16
meats,22
shitake,1
mushrooms,56
ideal,7
match,12
custardfilled,1
cleanest,4
takes,29
park,23
hongkong,3
summer,100
longing,3
scrumptious,12
beans,62
precious,3
person,102
surprise,54
picking,11
afternoon,44
cocobun,2
versions,8
highlight,26
cartoonstyle,1
according,22
balances,2
helps,6
disgusting,19
gelatinous,4
goo,4
unfortunate,12
pie,20
moist,23
visitor,3
local,71
attracted,9
currency,3
higher,23
anticipated,5
themed,5
additionally,6
unwelcoming,3
rudely,6
cut,55
shut,4
questions,23
instagramworthy,1
appearance,7
decrease,1
alittle,1
suggest,37
surprisingly,45
baopao,1
thumbs,15
mean,58
unfriendly,6
frown,1
cooked,191
demand,5
trash,5
sums,2
harmony,4
choices,80
tends,7
begin,17
earning,1
rating,35
wise,31
ratings,10
yelpers,19
dispirited,1
cos,7
pinch,4
cherng,2
sprinkle,2
roasted,27
seeds,11
smile,24
liquidity,1
planet,4
purposes,1
imo,6
stomach,35
form,10
convention,3
centre,18
managed,14
crème,12
inexcusable,1
plan,35
ahead,31
opening,20
unpopular,1
taiwan,3
eveb,1
supermarket,21
minimum,9
inserted,1
chip,6
accepted,9
making,98
cashiers,2
helping,10
realized,16
info,5
straight,33
conversion,2
tourist,22
valuable,2
stick,27
basic,29
sausage,8
wide,49
ease,6
access,7
cafe,76
saigon,7
treasure,3
stayed,25
byob,12
liquor,6
assumed,7
beverages,9
turns,14
accommodated,15
beverage,14
add,101
tab,5
tip,105
charming,41
samples,7
servers,91
chat,16
secrets,2
appreciate,32
lone,4
diner,20
vietnamese,248
crisp,25
pot,41
stickers,2
venture,7
lemongrass,33
liking,24
survived,2
sample,12
packed,131
noise,10
level,69
w,49
tonkinoise,6
marvellous,2
glazed,2
pastey,2
texture,138
latter,12
fab,4
comped,4
generously,8
outlier,2
wo,4
prob,4
jealous,7
seeing,34
consume,7
bowl,480
taster,5
pitchers,5
refills,9
regularly,19
pace,12
scores,2
extra,133
game,12
flow,5
nowhere,4
unlike,27
anywhere,31
churro,2
combos,16
brochette,4
ginger,83
date,82
bugged,3
stirfry,12
spoonful,10
chiu,2
chili,118
top,148
process,13
seep,4
lackluster,6
decor,300
tiki,10
hockey,5
flyers,2
christmas,10
paraphernalia,2
sore,2
possible,37
sense,23
doubt,16
americanized,4
constantly,19
declining,3
group,119
yesterday,22
confused,13
basiltomato,2
vomit,2
batch,4
unveined,2
battered,9
resembled,4
ketchup,10
mixed,55
lazy,15
keen,4
bamboo,24
shoots,8
sprout,5
neighbour,2
complaining,9
chew,23
eatery,13
loosing,5
afraid,14
start,91
clientele,17
loose,2
colleagues,15
reservation,117
dark,29
windows,17
bahn,4
mi,25
happen,24
initial,9
shock,2
gather,7
thoughts,9
pricetag,2
rate,27
reading,42
reviews,178
pho,940
cozy,122
proceeded,7
towards,21
replywe,2
sandwich,221
um,2
dac,27
biet,27
dressed,17
rare,76
interrupts,3
cater,8
palate,12
says,26
thank,47
rid,6
perplexed,3
kinda,42
shocked,12
honest,29
interrupting,2
spicey,4
satay,129
chilly,22
apartment,16
dined,14
weekday,19
eggroll,5
annoying,12
pizza,9
online,40
unfortunately,97
suggestion,22
gentleman,9
answered,6
eggrolls,6
behold,3
boxed,2
packing,6
coriander,40
extras,4
fortune,8
cookies,11
guests,21
raved,8
weekends,18
sauced,1
owns,5
mins,56
suppose,10
soy,52
searching,8
airbnb,6
recent,19
trip,96
especially,177
accommodating,26
carnivore,4
allergies,9
extreme,2
spice,112
exceptional,30
uhhhhhhmazing,1
merry,1
tsos,9
vibe,121
fabulous,21
gotoviet,1
banh,28
reason,77
wet,9
others,70
grilled,121
lemon,38
grass,14
cracklings,3
peanutscorianderpickled,1
whatever,28
complaint,28
saturdays,4
sundays,5
hope,36
changes,6
soon,65
fooled,8
energy,11
addicts,1
roam,1
streets,10
therefore,12
alone,37
car,10
leave,88
backseat,1
notorious,1
smashed,5
sidewalk,5
girlfriend,30
certain,24
considered,10
pricy,16
neighbourhoods,1
sandwiches,134
largeit,1
cd,1
funky,5
concerted,1
residence,2
buddy,1
supreme,2
definately,7
returning,22
gets,70
show,61
southeast,7
north,36
america,17
iived,1
sate,4
beer,74
boy,22
happy,167
outstanding,35
hes,14
recognize,5
repeat,12
numerous,10
members,3
hasnt,5
santropols,6
gorgeous,38
patio,65
carrot,34
cake,60
fairy,6
tale,3
garden,66
beautifully,43
decorated,39
companion,5
killer,35
tomato,72
private,8
matching,2
cote,9
saint,6
urban,5
chai,21
latte,20
lentil,9
environment,44
spaces,3
dedicated,5
studying,5
outlets,2
efficient,72
problems,9
cannot,48
stress,4
hence,17
nose,7
hands,63
freezing,14
wearing,5
leggings,2
jeans,3
turtleneck,2
sweater,2
coat,7
heater,2
study,15
period,15
layers,8
scarf,2
wateryhad,2
considering,53
rich,90
logo,4
cutecozy,2
aware,12
hearing,15
healthy,79
plateau,16
vibes,16
urbain,5
stole,6
goddamn,2
montroyal,13
picnic,6
mcgill,58
santropol,73
magic,10
hidden,38
among,24
residences,2
hooked,7
visited,58
cheese,244
forward,47
seriously,51
talked,7
week,54
contain,7
spiced,14
apple,8
juice,22
remembered,7
grinned,2
worried,10
overhyped,6
confirmed,10
perfectly,117
crunch,24
youd,45
realize,21
pepper,92
island,13
mention,41
personally,41
brotherinlaw,2
obsessed,5
wow,66
world,43
student,19
breaks,3
dragged,5
insane,13
included,55
tomatoes,41
sundried,9
lettuce,40
phenomenal,29
sizes,97
gigantic,15
appetite,26
break,21
interior,81
exterior,9
homey,21
vegetarians,40
eaters,10
duluth,12
gaspacho,2
grandmas,4
crust,6
regarding,6
living,20
jeanne,4
mance,4
pre,11
mont,12
royal,22
hike,3
destination,9
café,9
jeannemance,2
openair,2
eccentric,3
statues,5
greenery,8
pond,19
downtoearth,2
bohemian,7
page,9
parc,14
avenue,4
tempeh,13
marinated,36
cilantro,37
avocado,57
smash,4
thickest,9
heartiest,2
dressing,49
wandering,10
randomly,9
yard,5
confusing,11
daily,20
basket,7
weak,10
slice,19
irresistible,4
homemade,58
frequent,6
shops,16
hopes,14
expectation,10
cappuccino,12
respectively,4
espresso,11
judge,18
bitter,15
upsides,2
waiters,71
attentive,97
worry,15
magical,19
books,12
postcards,2
posters,6
wizard,3
generally,30
consider,28
surroundings,7
expense,3
decoration,30
current,6
roast,18
signature,25
ny,18
struck,2
reality,4
somehow,24
clausterphobic,1
sinister,1
secret,16
set,52
restrictive,1
policies,2
eggs,34
croissants,1
problematic,3
pretentious,10
ridiculous,13
volume,8
contents,2
appreciated,22
visites,1
baby,25
stroller,3
host,25
parents,21
mini,14
bother,34
ppl,9
bigger,30
mayo,16
prepaid,1
terminal,1
feeltlike,1
texting,1
sadly,21
planing,1
cafestudy,1
spotlunch,1
matched,2
hypnotic,1
regret,27
backyard,12
needs,40
tweaking,1
act,3
privileged,1
lucky,40
rarely,12
crack,3
nevertheless,15
iced,28
milkshake,6
triple,1
hang,19
strolling,4
sunday,48
indoor,13
ambience,80
wheat,3
toast,24
roomier,1
casual,43
type,82
students,27
caramelized,8
onions,89
pears,1
cheddar,3
arugula,7
smoked,16
ham,13
nonvegetarian,5
cblt,3
bacontasty,1
technically,3
replaced,6
olives,6
die,42
slices,56
fully,28
pit,5
bull,2
tied,1
doorway,1
forearm,1
dog,23
consideration,5
tiptoe,1
canine,1
step,21
wash,5
bloody,14
arm,2
washroom,8
refused,17
identify,4
claimed,5
rush,51
midafternoon,3
moved,15
protect,1
calm,10
hell,18
police,3
bribe,1
report,7
attack,3
working,44
bitten,2
montrealish,1
wooden,14
squeaky,1
floors,5
hustle,3
chatting,10
terraces,2
revisit,4
summers,6
emits,1
cosy,8
rooms,5
arts,10
plants,23
pillows,4
lighting,29
greens,23
bomb,9
pumpernickel,6
alternating,3
hangout,8
chutney,7
refreshing,53
none,31
tho,19
stay,35
vegeterian,5
corn,30
chips,27
pickled,30
bell,15
peppers,48
thatyummy,1
hate,22
feeling,63
mouth,44
conference,10
deceptively,1
coffeeteaespresso,1
bar,214
lattes,3
lemonades,2
neither,15
watered,17
eater,21
madness,4
forgo,4
raspberry,4
cheesecake,33
tart,10
likely,33
olive,11
gourmando,1
ignoring,2
roots,2
earthy,4
root,6
possibly,17
basically,51
grated,2
breeding,2
mosquitoes,2
mosquito,2
approved,1
hygiene,6
unhealthy,2
unadvisable,1
ground,28
filter,3
stains,3
napkin,3
cutleries,1
wiped,1
mayonnaise,5
california,28
flooded,1
historic,1
significance,1
runs,11
exploiting,1
preserving,1
building,26
hipster,12
appears,4
trodden,1
troll,1
works,25
biggest,18
slams,2
menus,37
groups,43
list,58
names,8
describe,14
smallest,8
work,105
ruined,12
suggests,1
overpriced,55
lacklustre,3
waitresses,9
acknowledging,1
message,8
ventured,2
parched,2
desperately,3
refill,8
regards,4
subway,5
acknowledgement,4
noone,1
lukewarm,15
gluten,29
eclectic,22
theory,1
delivered,26
lacks,12
plentiful,17
spacious,25
lemonade,14
zen,7
arranged,3
shade,7
chair,9
recreated,1
collection,4
furniture,2
wall,71
art,20
paint,4
pulled,116
bin,4
master,11
evenings,8
surrounded,11
lit,13
throughout,17
trees,7
milkshakes,5
fail,14
months,32
steadily,1
manages,2
rely,2
hippyboho,1
originals,1
unusual,20
combinations,10
construction,1
mental,1
youl,1
dairy,10
ingredient,13
pate,4
gazpacho,11
toasted,7
hubster,1
underwhelming,10
situations,1
pulls,4
appealing,22
tuna,35
shaded,1
chill,18
drinking,12
waitstaff,19
napkins,9
jump,1
tldr,6
pintresters,1
dream,7
laptop,3
zone,1
koi,2
music,76
indie,2
substitute,13
bacon,6
substituted,2
almond,12
velvety,1
smooth,12
delightful,36
craving,88
chia,3
pudding,5
fell,26
flat,67
expectations,69
answer,13
explaining,9
often,92
carrotapple,1
puree,5
unsure,7
sounded,17
turned,27
pesto,18
chopped,14
jalapeno,4
jelly,14
trust,31
mere,5
mortals,1
afterwards,25
soda,13
floats,2
maplespice,1
float,1
hypersaturated,1
maple,9
scoop,2
inattentive,2
laze,2
textbooks,2
timetable,1
mentally,3
wit,1
romantic,24
n,40
coz,2
unbearable,5
relax,12
giants,1
gold,6
fishes,5
waterfall,3
tam,4
drums,3
distance,15
unwind,1
sever,1
katherine,1
jalapeño,2
jam,10
discovering,5
oasis,6
giant,24
interesting,89
opt,6
salmon,57
addition,40
accent,6
nuts,6
spreads,3
divine,15
theyll,6
typically,21
lentilbased,1
original,42
legit,26
artisthippie,1
loaves,1
positive,34
quaint,18
raving,8
consistently,29
communication,2
steeply,2
composed,3
burnt,11
intriguing,2
aspect,6
closed,61
anyways,19
overpaying,4
french,78
languages,8
aroma,5
opted,26
advantage,2
fleeing,1
heaters,1
blankets,3
includes,23
colorful,11
hammock,2
sipping,3
book,29
relaxing,17
escape,5
recommendations,26
chaucer,1
rutabaga,1
particular,32
itd,8
done,86
incredible,76
scenery,2
view,15
surely,12
catching,6
saucemayo,1
kombucha,9
rise,3
laugh,2
inhouse,5
creation,3
rocky,1
prodigious,1
colossal,1
sprouts,38
leporine,1
indeed,21
mm,1
tremendous,2
exhilarating,1
buttery,6
eradicate,1
behaviour,1
unforgivable,1
peaceful,3
institution,7
moving,9
ac,14
afternoons,2
ceiling,15
fans,10
sunlight,1
cheapest,5
weekdays,4
replace,7
earlier,18
haunts,1
saddened,4
thrilled,7
san,14
tropol,1
discover,6
setup,4
courtyard,1
terrasse,25
prettier,1
cobalt,1
fence,3
details,10
central,5
strung,2
intimate,18
unisex,1
forewarned,2
closes,6
locks,2
yikes,2
embossed,1
metaled,1
coffered,1
tiles,3
walls,28
garage,5
overhead,4
summertime,4
creating,2
breezy,2
humongous,4
cheesebased,1
sisters,6
offered,47
standby,2
thankfully,17
northern,18
offerings,18
bananas,7
currents,1
amazingly,23
youngest,2
messy,12
cauliflower,24
doctored,1
accompanying,8
icing,5
cafes,3
lait,3
garnishes,3
plated,14
manning,1
strongly,15
decaf,1
passing,15
chilis,8
custom,3
cheeses,4
loaded,13
delectable,14
cakes,20
batter,13
massive,23
satisfied,68
juuuust,1
hesitate,16
specific,8
americanos,2
herbal,3
pomegranate,3
hibiscus,7
ample,11
indoors,3
outdoors,3
plugs,1
computer,3
4th,4
office,5
swearing,1
member,3
exaggerating,3
drinkable,3
tap,15
luke,10
swallowed,1
fyi,9
force,11
tactics,2
earned,7
questionable,9
twigs,2
picked,34
term,4
children,14
cups,13
gladly,2
inquired,1
charged,17
reassured,3
genius,2
math,1
sips,5
proved,1
sufficient,3
attitudes,4
pubic,1
nationwide,1
anytime,8
34x,1
weekvisit,1
514s,1
culture,17
serious,16
business,28
bilingual,7
accomodating,2
stuffy,4
slammed,3
epically,1
thickly,2
sliced,41
fanatical,1
treated,19
contains,8
converted,3
multistory,1
brick,14
former,7
painted,1
distinctive,1
pale,2
purplishblue,1
trim,1
stand,39
oldfashioned,1
stamped,2
tin,4
ceilings,5
stepdown,1
section,15
booths,8
assortment,6
paintings,4
sculptures,1
warmer,2
fencedin,1
lush,4
fullsize,1
gently,3
string,3
distant,1
sounds,15
tamtams,1
mountroyal,1
vegfriendly,1
hearty,39
lean,11
heavily,13
read,51
carefully,9
favourites,19
barley,4
pleased,34
bellywarming,1
effect,3
minted,1
cucumbers,29
thinly,16
apples,2
mint,28
coffees,4
multitude,3
courtesy,3
ilesansfils,1
catch,10
email,3
webrelated,1
cafés,1
laptops,1
papers,2
writing,18
journals,1
sketching,1
pads,1
true,37
tradition,3
expats,1
locals,27
hipsterish,1
exaggerated,2
nauseating,3
stomachache,1
balcony,1
gems,7
eden,1
flowing,1
coy,1
mismatched,2
sets,8
mother,14
quinoa,21
brother,13
sting,1
bee,1
attraction,4
established,1
charmingly,1
smoothiesdrinks,1
barely,60
wellcrafted,1
farmers,1
market,83
shot,16
hook,4
whether,25
coffeelunch,1
tooerved,1
swanky,4
melon,5
garnish,10
impossible,12
plopped,3
acidic,5
reduce,1
gawwwwwwd,1
adore,3
february,1
birthday,35
comfy,9
mentioned,31
heaven,17
convinced,5
involve,2
deliciousness,8
predominately,1
dropped,19
mountain,8
venue,18
arty,1
semi,4
relaxed,21
attention,39
officially,6
patiogarden,1
nicest,5
grand,5
showing,10
stumbled,23
pontoon,1
vacation,23
minipicnic,1
du,21
impeded,1
enjoyment,2
excess,4
creamcheesebased,1
lactoseintolerant,1
degree,5
offkilter,1
bonus,20
points,13
environmentally,1
takeaway,8
containers,12
aged,2
pear,4
vegenaise,1
delicioso,1
mistook,1
agree,22
ari,1
ginormous,4
dislike,6
fond,2
starting,17
drops,1
apathetic,1
f,4
example,10
forks,4
attempts,5
flag,12
resulted,2
visibly,3
infer,1
lil,2
sara,1
loveliest,1
vintage,1
mon,10
goût,2
vegetations,1
mornings,1
errrydayyy,1
enjoying,18
nature,4
delighting,1
philosophical,1
convos,1
lits,1
resemble,1
fairys,2
den,4
existed,1
vanilla,6
syrup,17
fruits,8
thoroughly,20
shall,4
andor,8
sealed,4
albert,1
camus,1
psychology,1
random,24
behavioural,1
promised,7
solo,10
shift,2
onto,23
pays,6
homage,3
70s,2
slapstick,1
feature,3
caffeine,2
tall,7
whipped,3
perched,2
atop,2
joked,2
wood,11
latté,1
banana,15
ivegotanafternoonoffandwanttoreadmybookoveracoffee,1
topnotch,4
intolerance,2
damned,1
dairyfree,1
piles,3
thicklycut,1
traded,2
organic,12
locally,2
yay,4
porch,1
forgotten,10
forbidden,1
thrill,1
library,4
housemade,3
2nd,16
waitresswaiter,1
intolerant,2
believed,1
double,17
assured,6
frustrated,2
transport,2
chicago,4
daytime,2
wound,8
cats,2
cat,4
opposed,13
blackcurrant,2
featured,6
brew,2
prepackaged,3
lingered,2
eavesdropping,1
fellow,11
natural,11
conversation,22
decently,9
unorthodox,1
sunroom,1
shady,4
flowers,11
roasting,1
baking,2
shelves,3
history,2
trade,5
wander,4
toward,11
nap,1
wake,2
congrats,4
pat,5
bloated,2
weighed,2
lethargy,1
clouds,1
grain,5
cocaine,1
vessel,2
enormous,11
cutely,2
rear,3
quirky,6
design,15
absolute,19
monster,2
threestory,1
slabs,1
drizzled,1
barfe,1
santropoo,1
necessary,5
puke,1
lame,3
impersonal,1
headed,7
cuz,5
stomachs,3
ached,1
antique,1
pressed,3
grows,1
colorfully,1
selected,12
orginally,1
spiral,2
abysmal,3
boyfriend,84
receive,13
gourmet,12
college,11
roommate,3
discovered,19
nudge,2
monday,24
canada,48
californian,1
letting,3
discussions,1
knows,17
necessarily,7
memorable,20
enthusiasm,1
stems,2
perspective,7
luxury,4
sound,11
fruity,12
load,3
combine,4
gain,1
interest,6
balancing,2
accurately,3
furthermore,7
foot,15
tree,7
vegetation,1
hippie,5
applies,1
preferred,23
drinker,2
wondering,5
alot,9
bets,2
lunches,1
university,17
sessions,1
hungover,2
solitary,1
ravishings,1
whither,1
carrotyraisiny,1
feed,16
murals,1
beauuutiful,1
leafy,4
montrealer,1
centimeters,1
varies,7
justified,3
stride,1
secondary,1
function,2
mobile,2
lusting,1
targets,1
win,7
amongst,8
montréalaise,2
florentine,2
bagels,2
perfection,45
pickmeup,1
allnighter,2
festival,4
nuit,4
blanche,2
weekend,58
stops,3
soupschili,1
renowned,1
mousse,11
figurines,1
decorations,10
venturing,2
apprehensive,2
number,53
stacked,3
limit,2
hideaway,2
utilized,1
fixings,3
hummus,15
onsite,1
handful,14
nestled,6
orange,41
rim,5
mug,3
somewhat,36
adults,7
families,5
young,24
playing,11
pittoresque,1
overthetop,1
crazyamazing,1
fool,6
boob,1
accidentally,5
sonnet,1
blissfully,1
goodness,37
appear,7
fear,5
steer,2
writers,1
encounter,4
sodas,3
odds,2
ends,11
hiding,7
nook,2
cranny,1
harlequins,1
lute,1
monkeys,1
ancient,4
diving,1
helmets,1
bass,10
everyones,6
visual,6
cortex,1
ponder,2
endlessly,1
chops,5
jambon,1
menthe,1
cucumber,83
housecafe,1
poorly,3
lb,1
practically,11
uneatable,1
setting,31
quebecois,1
softest,3
sandwich12,1
jour,5
borscht,1
create,7
loses,3
due,45
coordinate,1
arriving,20
hanging,24
fountain,6
cheesy,9
bagel,6
hippy,4
coziness,1
besides,20
favor,11
garnished,5
everybody,10
freshness,18
raining,8
fairylike,1
staring,6
finding,15
italian,6
ten,24
disappoint,48
previous,25
rectifying,1
asap,4
tolerated,1
franglais,1
creepy,1
minarets,1
fingers,9
crusty,1
textural,1
welllll,1
poured,12
impeccable,14
oversell,1
interested,3
fiber,1
wonderbread,1
dye,1
carnivores,5
wellknown,1
highquality,1
fairtrade,1
production,2
distribution,1
roasters,1
sweat,6
bringing,16
slate,1
flagstone,1
paths,1
bauble,1
foliage,2
bubbling,1
curl,1
cuppa,1
banter,1
floating,9
sidenote,1
deux,2
warning,19
hadnt,11
wouldve,22
address,5
alike,8
beaten,3
path,2
mostlyresidential,1
monstersized,2
breadfresh,1
belief,2
complemented,4
moderately,5
tight,17
cozya,1
streaming,1
skylights,1
watch,69
squirrels,1
play,11
expansive,2
facts,1
slaps,3
waitstuff,1
layout,6
borsch,1
drinkhowever,1
via,9
blown,24
dependably,1
demanding,2
ass,7
pen,3
furiously,1
marking,2
article,1
hurt,2
stuck,13
pecans,1
greatness,1
complained,11
burger,156
innovatively,1
oranges,6
melons,4
cherry,9
welldone,3
hip,27
minus,5
tapacio,1
reputation,11
aurore,1
boreale,1
mangues,1
mentales,1
decades,2
paying,36
dealing,2
connection,1
europeans,1
france,5
epitomized,1
inner,1
contradictions,1
bougie,1
fauxpoor,1
class,10
tries,6
woodeny,1
featuring,2
shit,8
crappy,4
promote,1
remotely,2
activisty,1
heaped,1
hide,4
everytime,11
bikeriding,1
ultimately,10
fucking,2
mcdonalds,5
wallet,7
pillaged,1
subpar,10
charmless,1
comment,18
lives,8
understands,3
aesthetic,12
improve,11
remain,3
alrighttasting,1
appropriately,3
bum,2
pissing,1
alleyway,1
chinchilla,1
fur,1
wtf,5
spare,4
swiftly,2
country,10
def,25
provides,10
community,4
benefits,2
goto,21
annoyingly,1
spotty,5
ribs,10
soupsandwich,1
pm,59
fashioned,6
soak,7
laid,10
atmosphereno,1
hurry,13
pressure,5
al,22
fresco,5
presumably,4
appetizing,5
description,16
boasting,2
devastating,1
unimpressed,7
result,11
squishy,3
proportions,3
sorta,3
towered,1
meager,2
components,3
sparsely,3
covering,1
majority,5
consisted,11
spoiled,7
equal,3
countless,9
shine,7
vegetarianfriendly,2
differently,2
raised,5
occurred,1
irondeficient,1
dabbling,1
decadent,6
rye,1
tripledecker,1
nutandseed,1
exotic,14
mouthwatering,4
recreate,5
introduce,4
culinary,6
fenced,1
dimlylit,1
sip,4
disorganized,5
terribly,7
chaotic,5
preferably,2
hippies,1
hipsters,1
acknowledged,2
sir,1
kp,1
cassis,1
hangover,6
helped,26
dangerously,1
apt,1
deducted,1
swears,1
tomatos,2
consist,5
assigned,2
roughly,14
reassigned,1
patronizing,2
text,4
telling,10
sent,7
grotesque,1
nah,2
loads,7
vegesandwich,1
thumps,1
lovers,11
mount,3
royale,1
gardens,1
yeah,19
partowner,1
overworked,5
faced,2
architectural,1
salvage,3
abounds,1
permits,3
conscious,3
nonetheless,15
funny,19
polite,62
nudging,1
arrives,6
starving,26
agitated,1
ruin,4
absorbed,3
eyes,27
touching,4
awakened,1
arrival,11
overflowing,2
gabbed,1
weeknight,3
refilling,1
consumed,3
squash,15
socially,1
wheels,1
program,1
gotta,17
pile,7
veggiesmeat,1
trendy,36
mold,1
ridden,1
dusty,1
notice,18
updated,4
response,2
carry,5
nuclear,1
disaster,1
meltdown,1
japan,22
puzzled,2
theyd,9
elapsed,1
investment,2
concept,18
compare,26
sweetened,2
insist,1
meet,18
elsewhere,29
illusions,1
hefty,6
narrowly,1
escaping,1
tamtam,1
drummers,1
refuge,1
dropping,6
jolt,1
leisurely,6
stint,1
garth,1
gracious,5
hosts,3
social,14
mission,4
okayish,1
untrained,1
genuinely,8
clever,1
mindful,4
parttake,1
eatables,1
lends,3
modern,37
soaking,3
quiet,39
priority,4
tie,1
shortage,1
pocs,1
color,10
artistic,1
scene,15
obvious,9
inviting,18
outback,1
colder,2
temps,5
hungarian,1
soo,8
chowder,3
potatoes,32
sooner,4
commented,2
cow,10
fastest,2
strip,9
club,6
milkmaid,1
da,8
action,8
fo,2
realz,1
reminds,19
bands,2
90s,3
man,56
mustache,1
routinely,1
counterpoint,1
schwartzs,1
laidback,1
flavoured,6
ways,7
purees,1
boring,13
hippieish,1
plateaus,1
apartments,1
meaning,13
spied,2
peoples,9
lonely,5
rocks,5
biscotti,1
freshest,10
lay,3
drawbacks,2
laughs,1
deserved,7
apparently,35
attempt,4
save,18
block,16
urbanrenewal,1
demolition,1
puts,7
hall,8
fame,1
planner,1
chillest,1
sublime,6
devoted,2
understandable,3
basis,8
conscience,1
roulant,1
mealsonwheels,1
charity,1
blend,15
cornerstone,1
lacquered,1
unpalatable,1
heap,3
wild,6
explore,9
mystical,1
hilarious,5
stirred,6
properly,23
occasions,5
lumps,2
cocoa,1
powder,2
offbeat,1
skeptical,15
stones,1
curt,3
password,2
interaction,1
greet,1
tips,28
worked,24
fall,19
deli,2
pointless,3
boyfriends,8
unhappy,6
clearer,2
osheaga,2
figured,15
fairlylarge,1
judgement,4
experienced,13
unforgivably,1
judging,3
consensus,1
sucks,7
albeit,6
closetoanhour,1
coupled,2
reconsider,3
talk,38
compliments,10
hostess,19
careless,1
floor,66
expression,1
emotions,1
promising,8
spouse,4
digest,2
tourists,19
indifferent,3
downright,4
circumstances,2
bordering,5
inedible,5
terraceshadysunny,1
august,3
splashes,1
background,15
limitedmostly,1
bevs,1
plantains,2
poached,13
condiment,8
oatmeal,2
overflow,1
helpings,3
awning,3
walks,4
noon,6
todays,1
powered,1
rated,14
clt,1
rankings,2
beed,2
inch,3
slapped,2
laughing,2
silliness,1
gf,7
news,7
reflection,1
contemplate,1
larger,31
subtlety,2
stood,18
braver,2
kinds,24
americans,8
breading,14
grease,9
broccoli,67
uber,18
website,29
outdelivery,2
aunt,21
dai,17
google,12
entertaining,8
lockdowns,2
cuisines,13
